CREATE TABLE IF NOT EXISTS fact_metric_daily (
                                                 id BIGINT PRIMARY KEY AUTO_INCREMENT,
                                                 biz_date DATE NOT NULL,
                                                 scope VARCHAR(50) NOT NULL,
                                                 branch VARCHAR(100) NOT NULL,
                                                 metric VARCHAR(100) NOT NULL,
                                                 val DECIMAL(20,4) NOT NULL,
                                                 source_file VARCHAR(255),
                                                 created_at TIMESTAMP DEFAULT CURRENT_TIMESTAMP,
                                                 UNIQUE KEY uk_biz_scope_branch_metric (biz_date, scope, branch, metric),
                                                 KEY idx_biz_date (biz_date),
                                                 KEY idx_scope (scope),
                                                 KEY idx_branch (branch),
                                                 KEY idx_metric (metric)
) ENGINE=InnoDB;

CREATE TABLE IF NOT EXISTS metric_def (
                                          metric VARCHAR(100) PRIMARY KEY,
                                          name VARCHAR(255) NOT NULL,
                                          unit VARCHAR(32) NOT NULL,
                                          kind VARCHAR(16) NOT NULL,
                                          base_metric VARCHAR(100)
) ENGINE=InnoDB;

CREATE TABLE IF NOT EXISTS branch_def (
                                          branch VARCHAR(100) PRIMARY KEY,
                                          display_name VARCHAR(100) NOT NULL,
                                          enabled TINYINT NOT NULL DEFAULT 1,
                                          sort_no INT NOT NULL DEFAULT 0
) ENGINE=InnoDB;

CREATE TABLE IF NOT EXISTS branch_alias (
                                            alias VARCHAR(100) PRIMARY KEY,
                                            branch VARCHAR(100) NOT NULL,
                                            KEY idx_branch(branch),
                                            CONSTRAINT fk_branch_alias_branch FOREIGN KEY (branch) REFERENCES branch_def(branch)
) ENGINE=InnoDB;

INSERT IGNORE INTO metric_def(metric, name, unit, kind, base_metric) VALUES
                                                                         ('CNT_TOTAL', '户数', '户', 'LEVEL', NULL),
                                                                         ('BAL_TOTAL', '余额', '万元', 'LEVEL', NULL),
                                                                         ('DOD_CNT', '较上日-户数', '户', 'DELTA', 'CNT_TOTAL'),
                                                                         ('DOD_BAL', '较上日-余额', '万元', 'DELTA', 'BAL_TOTAL'),
                                                                         ('MOM_CNT', '较上月-户数', '户', 'DELTA', 'CNT_TOTAL'),
                                                                         ('MOM_BAL', '较上月-余额', '万元', 'DELTA', 'BAL_TOTAL'),
                                                                         ('BOY_CNT', '较年初-户数', '户', 'DELTA', 'CNT_TOTAL'),
                                                                         ('BOY_BAL', '较年初-余额', '万元', 'DELTA', 'BAL_TOTAL'),
                                                                         ('Y2M_CNT', '增量较同期-户数', '户', 'DELTA', 'CNT_TOTAL'),
                                                                         ('Y2M_BAL', '增量较同期-余额', '万元', 'DELTA', 'BAL_TOTAL'),
                                                                         ('GR_CNT', '增幅-户数', '%', 'RATE', 'CNT_TOTAL'),
                                                                         ('GR_BAL', '增幅-余额', '%', 'RATE', 'BAL_TOTAL'),
                                                                         ('CALC_DOD_RATE_CNT', '系统日环比-户数', '%', 'RATE', 'CNT_TOTAL'),
                                                                         ('CALC_DOD_RATE_BAL', '系统日环比-余额', '%', 'RATE', 'BAL_TOTAL'),
                                                                         ('CALC_MTD_RATE_CNT', '系统月初以来-户数', '%', 'RATE', 'CNT_TOTAL'),
                                                                         ('CALC_MTD_RATE_BAL', '系统月初以来-余额', '%', 'RATE', 'BAL_TOTAL'),
                                                                         ('CALC_YTD_RATE_CNT', '系统年初以来-户数', '%', 'RATE', 'CNT_TOTAL'),
                                                                         ('CALC_YTD_RATE_BAL', '系统年初以来-余额', '%', 'RATE', 'BAL_TOTAL');

INSERT IGNORE INTO branch_def(branch, display_name, enabled, sort_no) VALUES
                                                                          ('营业部','营业部',1,1),
                                                                          ('界湖','界湖',1,2),
                                                                          ('大庄','大庄',1,3),
                                                                          ('张庄','张庄',1,4),
                                                                          ('依汶','依汶',1,5),
                                                                          ('马牧池','马牧池',1,6),
                                                                          ('岸堤','岸堤',1,7),
                                                                          ('孙祖','孙祖',1,8),
                                                                          ('双喉','双喉',1,9),
                                                                          ('青驼','青驼',1,10),
                                                                          ('砖埠','砖埠',1,11),
                                                                          ('葛沟','葛沟',1,12),
                                                                          ('杨坡','杨坡',1,13),
                                                                          ('蒲汪','蒲汪',1,14),
                                                                          ('湖头','湖头',1,15),
                                                                          ('苏村','苏村',1,16),
                                                                          ('铜井','铜井',1,17),
                                                                          ('辛集','辛集',1,18),
                                                                          ('朱家里庄','朱家里庄',1,19),
                                                                          ('中高湖','中高湖',1,20),
                                                                          ('岱庄','岱庄',1,21),
                                                                          ('高里','高里',1,22),
                                                                          ('河阳','河阳',1,23),
                                                                          ('大王庄','大王庄',1,24),
                                                                          ('东张哨','东张哨',1,25),
                                                                          ('库沟','库沟',1,26),
                                                                          ('城区','城区',1,27),
                                                                          ('开发区','开发区',1,28),
                                                                          ('小微贷','小微贷',1,29),
                                                                          ('小微贷-房贷','小微贷-房贷',1,30),
                                                                          ('府前','府前',1,31),
                                                                          ('汉街','汉街',1,32),
                                                                          ('才山','才山',1,33),
                                                                          ('公司','公司',1,34),
                                                                          ('经营中心','经营中心',1,35);

INSERT IGNORE INTO branch_alias(alias, branch) VALUES
                                                   ('营业部','营业部'),
                                                   ('界湖','界湖'),
                                                   ('大庄','大庄'),
                                                   ('张庄','张庄'),
                                                   ('依汶','依汶'),
                                                   ('马牧池','马牧池'),
                                                   ('岸堤','岸堤'),
                                                   ('孙祖','孙祖'),
                                                   ('双喉','双喉'),
                                                   ('双堠','双喉'),
                                                   ('青驼','青驼'),
                                                   ('砖埠','砖埠'),
                                                   ('葛沟','葛沟'),
                                                   ('杨坡','杨坡'),
                                                   ('蒲汪','蒲汪'),
                                                   ('湖头','湖头'),
                                                   ('苏村','苏村'),
                                                   ('铜井','铜井'),
                                                   ('辛集','辛集'),
                                                   ('朱家里庄','朱家里庄'),
                                                   ('中高湖','中高湖'),
                                                   ('岱庄','岱庄'),
                                                   ('高里','高里'),
                                                   ('河阳','河阳'),
                                                   ('大王庄','大王庄'),
                                                   ('东张哨','东张哨'),
                                                   ('库沟','库沟'),
                                                   ('城区','城区'),
                                                   ('开发区','开发区'),
                                                   ('小微贷','小微贷'),
                                                   ('小微贷房贷','小微贷-房贷'),
                                                   ('小微贷-房贷','小微贷-房贷'),
                                                   ('府前','府前'),
                                                   ('汉街','汉街'),
                                                   ('才山','才山'),
                                                   ('公司','公司'),
                                                   ('公司业务部','公司'),
                                                   ('经营中心','经营中心'),
                                                   ('资产经营中心','经营中心'),
                                                   ('小微贷营销中心','小微贷');